Workbook

Sheet Campaign Data
A1: ID | B1: Category | C1: Campaign | D1: Goal ($) | E1: Raised ($) | F1: Donations | G1: Distance to goal ($) | H1: Goal achieved (%) | I1: Average donation ($) | J1: Campaign URL
A2: 1 | B2: Fire recovery | C2: Jessica & Paul – Fire Recovery | D2: 170000 | E2: 103923 | F2: 442 | G2: =D2-E2 -> 66077 | H2: =IFERROR(E2/D2,0) -> 0.61131176 | I2: =IFERROR(E2/F2,0) -> 235.11991 | J2: https://www.gofundme.com/f/rebuilding-life-after-the-fire-for-jessica-pauls-family
A3: 2 | B3: Fire recovery | C3: Rebuild After House Fire | D3: 22000 | E3: 1050 | F3: 6 | G3: =D3-E3 -> 20950 | H3: =IFERROR(E3/D3,0) -> 0.047727273 | I3: =IFERROR(E3/F3,0) -> 175 | J3: https://www.gofundme.com/f/help-rebuild-after-house-fire-e89u5
A4: 3 | B4: Animal rescue | C4: Cleaning, Repairs & Vet Care | D4: 25000 | E4: 5980 | F4: 11 | G4: =D4-E4 -> 19020 | H4: =IFERROR(E4/D4,0) -> 0.2392 | I4: =IFERROR(E4/F4,0) -> 543.63636 | J4: https://www.gofundme.com/f/cleaning-repairs-and-vet-care-after-the-fire-utzgz
A5: 4 | B5: Fire recovery | C5: Dolan & Jennifer – Fire Recovery | D5: 3500 | E5: 450 | F5: 3 | G5: =D5-E5 -> 3050 | H5: =IFERROR(E5/D5,0) -> 0.12857143 | I5: =IFERROR(E5/F5,0) -> 150 | J5: https://www.gofundme.com/f/support-for-dolan-and-jennifer-after-the-fire
A6: 5 | B6: Animal rescue | C6: Every Animal Deserves a Rescue | D6: 2000 | E6: 1256 | F6: 16 | G6: =D6-E6 -> 744 | H6: =IFERROR(E6/D6,0) -> 0.628 | I6: =IFERROR(E6/F6,0) -> 78.5 | J6: https://www.gofundme.com/f/every-animal-deserves-a-rescue-story
A7: 6 | B7: Medical | C7: Rally Around Haley | D7: 75000 | E7: 12260 | F7: 23 | G7: =D7-E7 -> 62740 | H7: =IFERROR(E7/D7,0) -> 0.16346667 | I7: =IFERROR(E7/F7,0) -> 533.04348 | J7: https://www.gofundme.com/f/28-and-facing-the-unthinkable-rally-around-haley-f2xzd
A8: 7 | B8: Fire recovery | C8: Family Starting Over After Fire | D8: 6500 | E8: 5613 | F8: 71 | G8: =D8-E8 -> 887 | H8: =IFERROR(E8/D8,0) -> 0.86353846 | I8: =IFERROR(E8/F8,0) -> 79.056338 | J8: https://www.gofundme.com/f/support-a-family-starting-over-after-a-fire
A9: 8 | B9: Animal rescue | C9: Vet Care for Rescued Cats | D9: 1600 | E9: 1410 | F9: 24 | G9: =D9-E9 -> 190 | H9: =IFERROR(E9/D9,0) -> 0.88125 | I9: =IFERROR(E9/F9,0) -> 58.75 | J9: https://www.gofundme.com/f/support-vet-care-for-rescued-cats-and-kittens-tnnk6
A10: 9 | B10: Animal rescue | C10: Forgotten Paws Dog Rescue | D10: 350000 | E10: 12075 | F10: 118 | G10: =D10-E10 -> 337925 | H10: =IFERROR(E10/D10,0) -> 0.0345 | I10: =IFERROR(E10/F10,0) -> 102.33051 | J10: https://www.gofundme.com/f/help-us-save-forgotten-paws-dog-rescue
A11: 10 | B11: Fire recovery | C11: Family After the Fire | D11: 6000 | E11: 1630 | F11: 15 | G11: =D11-E11 -> 4370 | H11: =IFERROR(E11/D11,0) -> 0.27166667 | I11: =IFERROR(E11/F11,0) -> 108.66667 | J11: https://www.gofundme.com/f/support-for-our-family-after-the-fire-ndkpd
A12: 11 | B12: Education | C12: College Tuition Goal | D12: 1400 | E12: 185 | F12: 5 | G12: =D12-E12 -> 1215 | H12: =IFERROR(E12/D12,0) -> 0.13214286 | I12: =IFERROR(E12/F12,0) -> 37 | J12: https://www.gofundme.com/f/help-me-reach-my-college-tuition-goal-ee26h
A13: 12 | B13: Education | C13: Education and Tuition | D13: 8000 | E13: 4100 | F13: 40 | G13: =D13-E13 -> 3900 | H13: =IFERROR(E13/D13,0) -> 0.5125 | I13: =IFERROR(E13/F13,0) -> 102.5 | J13: https://www.gofundme.com/f/my-education-and-tuition-goals
... A26: 25 | B26: Small business | C26: Help Our Small Business Survive | D26: 15000 | E26: 5360 | F26: 53 | G26: =D26-E26 -> 9640 | H26: =IFERROR(E26/D26,0) -> 0.35733333 | I26: =IFERROR(E26/F26,0) -> 101.13208 | J26: https://www.gofundme.com/f/8p8syj-help-our-small-business-survive

Sheet Correlations
A1: Correlation (Pearson r) | B1: All 25
A2: Raised vs. distance to goal | B2: =CORREL('Campaign Data'!E2:E26,'Campaign Data'!G2:G26) -> 0.019880578
A3: Raised vs. donations | B3: =CORREL('Campaign Data'!E2:E26,'Campaign Data'!F2:F26) -> 0.39894489
A4: Raised vs. goal | B4: =CORREL('Campaign Data'!E2:E26,'Campaign Data'!D2:D26) -> 0.59801454
A5: Raised vs. goal achieved (%) | B5: =CORREL('Campaign Data'!E2:E26,'Campaign Data'!H2:H26) -> 0.41860804
A8: Interpretation
A9: Near 0: little linear relationship. Positive: variables tend to increase together. Negative: they move in opposite directions.
D10: Donations | E10: Raised ($)
D11: ='Campaign Data'!F12 -> 5 | E11: ='Campaign Data'!E12 -> 185
D12: ='Campaign Data'!F13 -> 40 | E12: ='Campaign Data'!E13 -> 4100
D13: ='Campaign Data'!F14 -> 11 | E13: ='Campaign Data'!E14 -> 1549
D14: ='Campaign Data'!F15 -> 151 | E14: ='Campaign Data'!E15 -> 15300
D15: ='Campaign Data'!F16 -> 478 | E15: ='Campaign Data'!E16 -> 33697
D16: ='Campaign Data'!F17 -> 27 | E16: ='Campaign Data'!E17 -> 2878
D17: ='Campaign Data'!F18 -> 43 | E17: ='Campaign Data'!E18 -> 6845
D18: ='Campaign Data'!F19 -> 12 | E18: ='Campaign Data'!E19 -> 865
D19: ='Campaign Data'!F20 -> 18 | E19: ='Campaign Data'!E20 -> 1944
D20: ='Campaign Data'!F21 -> 44 | E20: ='Campaign Data'!E21 -> 2945
D21: ='Campaign Data'!F22 -> 11 | E21: ='Campaign Data'!E22 -> 360
D22: ='Campaign Data'!F24 -> 30 | E22: ='Campaign Data'!E24 -> 4745
D23: ='Campaign Data'!F25 -> 19 | E23: ='Campaign Data'!E25 -> 7353
D24: ='Campaign Data'!F26 -> 53 | E24: ='Campaign Data'!E26 -> 5360
